"","dst"
"1","101.4.112.90"
"2","101.4.113.110"
"3","101.4.114.58"
"4","101.4.115.254"
"5","101.4.117.149"
"6","101.4.117.81"
"7","101.4.118.121"
"8","129.250.2.128"
"9","129.250.2.177"
"10","129.250.2.219"
"11","129.250.3.232"
"12","129.250.3.40"
"13","129.250.4.88"
"14","129.250.7.69"
"15","133.3.250.141"
"16","134.159.61.25"
"17","146.97.33.5"
"18","146.97.33.62"
"19","146.97.35.193"
"20","146.97.37.194"
"21","149.14.146.194"
"22","150.99.78.104"
"23","154.54.24.145"
"24","154.54.30.186"
"25","154.54.37.42"
"26","154.54.40.105"
"27","154.54.47.17"
"28","154.54.58.174"
"29","154.54.7.157"
"30","154.54.9.17"
"31","155.232.1.40"
"32","155.232.1.66"
"33","155.232.15.212"
"34","155.232.29.2"
"35","155.232.64.76"
"36","185.70.203.32"
"37","190.216.88.33"
"38","192.168.0.1"
"39","193.63.108.94"
"40","193.63.108.98"
"41","195.22.222.15"
"42","200.0.16.17"
"43","200.0.16.23"
"44","200.0.16.27"
"45","200.89.165.222"
"46","200.89.165.250"
"47","202.84.137.233"
"48","202.84.143.29"
"49","202.84.157.86"
"50","213.155.132.195"
"51","213.248.84.80"
"52","4.68.127.54"
"53","4.69.207.33"
"54","61.200.91.154"
"55","61.8.59.38"
"56","62.115.113.21"
"57","62.115.120.176"
"58","62.115.136.200"
"59","62.115.148.161"
"60","67.17.94.249"
"61","67.17.99.233"
"62","89.221.37.139"
"63","89.221.41.187"
