method,operation,source,destination
ARP,who-has,192.168.0.1,192.168.0.97
ARP,who-has,192.168.0.1,192.168.0.98
ARP,who-has,192.168.0.1,192.168.0.99
ARP,who-has,192.168.0.1,192.168.0.100
ARP,who-has,192.168.0.1,192.168.0.101
ARP,who-has,192.168.0.1,192.168.0.102
ARP,who-has,192.168.0.1,192.168.0.103
ARP,who-has,192.168.0.1,192.168.0.104
ARP,who-has,192.168.0.1,192.168.0.105
ARP,who-has,192.168.0.1,192.168.0.106
ARP,who-has,192.168.0.1,192.168.0.107
ARP,who-has,192.168.0.1,192.168.0.108
ARP,who-has,192.168.0.1,192.168.0.109
ARP,who-has,192.168.0.1,192.168.0.110
ARP,who-has,192.168.0.1,192.168.0.111
ARP,who-has,192.168.0.1,192.168.0.112
ARP,who-has,192.168.0.1,192.168.0.113
ARP,who-has,192.168.0.1,192.168.0.114
ARP,who-has,192.168.0.1,192.168.0.115
ARP,who-has,192.168.0.1,192.168.0.116
ARP,who-has,192.168.0.1,192.168.0.117
ARP,who-has,192.168.0.1,192.168.0.118
